<ImportExportXml version="9.2.21104.147" SolutionPackageVersion="9.2" languagecode="1033" generatedBy="CrmLive" xmlns:xsi="http://www.w3.org/2001/XMLSchema-instance">
  <SolutionManifest>
    <UniqueName>MarriottFBPoC</UniqueName>
    <LocalizedNames>
      <LocalizedName description="🍴Marriott F&amp;B PoC" languagecode="1033" />
    </LocalizedNames>
    <Descriptions>
      <Description description="Power Apps PoC for Marriott Food &amp; Beverage Team" languagecode="1033" />
    </Descriptions>
    <Version>1.0.0.9</Version>
    <Managed>0</Managed>
    <Publisher>
      <UniqueName>MicrosoftNETSP</UniqueName>
      <LocalizedNames>
        <LocalizedName description="Microsoft NE TSP" languagecode="1033" />
      </LocalizedNames>
      <Descriptions>
        <Description description="Microsoft Northeast TSP team" languagecode="1033" />
      </Descriptions>
      <EMailAddress xsi:nil="true"></EMailAddress>
      <SupportingWebsiteUrl xsi:nil="true"></SupportingWebsiteUrl>
      <CustomizationPrefix>msft</CustomizationPrefix>
      <CustomizationOptionValuePrefix>10000</CustomizationOptionValuePrefix>
      <Addresses>
        <Address>
          <AddressNumber>1</AddressNumber>
          <AddressTypeCode>1</AddressTypeCode>
          <City xsi:nil="true"></City>
          <County xsi:nil="true"></County>
          <Country xsi:nil="true"></Country>
          <Fax xsi:nil="true"></Fax>
          <FreightTermsCode xsi:nil="true"></FreightTermsCode>
          <ImportSequenceNumber xsi:nil="true"></ImportSequenceNumber>
          <Latitude xsi:nil="true"></Latitude>
          <Line1 xsi:nil="true"></Line1>
          <Line2 xsi:nil="true"></Line2>
          <Line3 xsi:nil="true"></Line3>
          <Longitude xsi:nil="true"></Longitude>
          <Name xsi:nil="true"></Name>
          <PostalCode xsi:nil="true"></PostalCode>
          <PostOfficeBox xsi:nil="true"></PostOfficeBox>
          <PrimaryContactName xsi:nil="true"></PrimaryContactName>
          <ShippingMethodCode>1</ShippingMethodCode>
          <StateOrProvince xsi:nil="true"></StateOrProvince>
          <Telephone1 xsi:nil="true"></Telephone1>
          <Telephone2 xsi:nil="true"></Telephone2>
          <Telephone3 xsi:nil="true"></Telephone3>
          <TimeZoneRuleVersionNumber xsi:nil="true"></TimeZoneRuleVersionNumber>
          <UPSZone xsi:nil="true"></UPSZone>
          <UTCOffset xsi:nil="true"></UTCOffset>
          <UTCConversionTimeZoneCode xsi:nil="true"></UTCConversionTimeZoneCode>
        </Address>
        <Address>
          <AddressNumber>2</AddressNumber>
          <AddressTypeCode>1</AddressTypeCode>
          <City xsi:nil="true"></City>
          <County xsi:nil="true"></County>
          <Country xsi:nil="true"></Country>
          <Fax xsi:nil="true"></Fax>
          <FreightTermsCode xsi:nil="true"></FreightTermsCode>
          <ImportSequenceNumber xsi:nil="true"></ImportSequenceNumber>
          <Latitude xsi:nil="true"></Latitude>
          <Line1 xsi:nil="true"></Line1>
          <Line2 xsi:nil="true"></Line2>
          <Line3 xsi:nil="true"></Line3>
          <Longitude xsi:nil="true"></Longitude>
          <Name xsi:nil="true"></Name>
          <PostalCode xsi:nil="true"></PostalCode>
          <PostOfficeBox xsi:nil="true"></PostOfficeBox>
          <PrimaryContactName xsi:nil="true"></PrimaryContactName>
          <ShippingMethodCode>1</ShippingMethodCode>
          <StateOrProvince xsi:nil="true"></StateOrProvince>
          <Telephone1 xsi:nil="true"></Telephone1>
          <Telephone2 xsi:nil="true"></Telephone2>
          <Telephone3 xsi:nil="true"></Telephone3>
          <TimeZoneRuleVersionNumber xsi:nil="true"></TimeZoneRuleVersionNumber>
          <UPSZone xsi:nil="true"></UPSZone>
          <UTCOffset xsi:nil="true"></UTCOffset>
          <UTCConversionTimeZoneCode xsi:nil="true"></UTCConversionTimeZoneCode>
        </Address>
      </Addresses>
    </Publisher>
    <RootComponents>
      <RootComponent type="1" schemaName="msft_hotels" behavior="0" />
      <RootComponent type="1" schemaName="msft_osr" behavior="0" />
      <RootComponent type="1" schemaName="msft_outlet" behavior="0" />
      <RootComponent type="1" schemaName="msft_outletsitereview" behavior="0" />
      <RootComponent type="9" schemaName="msft_outletconcept" behavior="0" />
      <RootComponent type="9" schemaName="msft_ownershiptype" behavior="0" />
      <RootComponent type="29" id="{2d7f550d-5425-415a-8614-98b60d2659bf}" behavior="0" />
      <RootComponent type="29" id="{3254247d-45ca-4351-9602-5dc1b74f053c}" behavior="0" />
      <RootComponent type="29" id="{3ad0b567-5318-4236-affe-60e0cd32d529}" behavior="0" />
      <RootComponent type="29" id="{ea11753d-f20f-ec11-b6e6-000d3a1671c6}" behavior="0" />
      <RootComponent type="60" id="{7a9bc6c7-6c03-ec11-94ef-000d3a8cda0d}" behavior="0" />
      <RootComponent type="61" schemaName="msft_Hotel16.png" behavior="0" />
      <RootComponent type="61" schemaName="msft_Hotel32.png" behavior="0" />
      <RootComponent type="61" schemaName="msft_Hotel64.svg" behavior="0" />
      <RootComponent type="61" schemaName="msft_OSR16.png" behavior="0" />
      <RootComponent type="61" schemaName="msft_OSR32.png" behavior="0" />
      <RootComponent type="61" schemaName="msft_OSR64.svg" behavior="0" />
      <RootComponent type="61" schemaName="msft_Outlet16.png" behavior="0" />
      <RootComponent type="61" schemaName="msft_Outlet32.png" behavior="0" />
      <RootComponent type="61" schemaName="msft_Outlet64.svg" behavior="0" />
      <RootComponent type="61" schemaName="msft_Yelp.svg" behavior="0" />
      <RootComponent type="62" schemaName="msft_ProjectWell" behavior="0" />
      <RootComponent type="80" schemaName="msft_ProjectWell" behavior="0" />
      <RootComponent type="300" schemaName="msft_hotelmap_9ad22" behavior="0" />
      <RootComponent type="300" schemaName="msft_outletsitereviews_5551d" behavior="0" />
      <RootComponent type="300" schemaName="msft_projectwelldefaultcommandlibrary_eddea" behavior="0" />
      <RootComponent type="300" schemaName="msft_projectwelllandingpage_9cd93" behavior="0" />
      <RootComponent type="300" schemaName="msft_yelpreviews_37475" behavior="0" />
      <RootComponent type="431" schemaName="msft_hotels msft_logo" behavior="0" />
      <RootComponent type="431" schemaName="msft_outlet msft_logo" behavior="0" />
      <RootComponent type="431" schemaName="msft_outlet msft_webimage" behavior="0" />
      <RootComponent type="432" schemaName="msft_hotels" behavior="0" />
      <RootComponent type="432" schemaName="msft_outlet" behavior="0" />
    </RootComponents>
    <MissingDependencies>
      <MissingDependency>
        <Required type="61" schemaName="msdyn_/Images/AppModule_Default_Icon.png" displayName="msdyn_/Images/AppModule_Default_Icon.png" solution="AppModuleWebResources (2.5)" />
        <Dependent type="80" schemaName="msft_ProjectWell" displayName="Project Well" />
      </MissingDependency>
      <MissingDependency>
        <Required type="66" schemaName="MscrmControls.Canvas.CanvasControl" displayName="MscrmControls.Canvas.CanvasControl" solution="BaseCustomControlsCore (9.0.2110.4017)" />
        <Dependent type="60" displayName="Outlet 360°" parentDisplayName="Outlet" id="{0924e1b6-c7fe-41f1-bc23-2cd8bdc77c0b}" />
      </MissingDependency>
      <MissingDependency>
        <Required type="66" schemaName="MscrmControls.Canvas.CanvasControl" displayName="MscrmControls.Canvas.CanvasControl" solution="BaseCustomControlsCore (9.0.2110.4017)" />
        <Dependent type="60" displayName="Hotel 360°" parentDisplayName="Hotels" id="{33e6c21f-e0bb-4896-a08c-2df0666d145c}" />
      </MissingDependency>
      <MissingDependency>
        <Required type="66" schemaName="MscrmControls.Grid.GridControl" displayName="MscrmControls.Grid.GridControl" solution="BaseCustomControlsCore (9.0.2110.4017)" />
        <Dependent type="68" id="{85156044-7161-4d24-a811-0fb395048ff1}" />
      </MissingDependency>
      <MissingDependency>
        <Required type="66" schemaName="MscrmControls.Grid.GridControl" displayName="MscrmControls.Grid.GridControl" solution="BaseCustomControlsCore (9.0.2110.4017)" />
        <Dependent type="68" id="{b58873ad-cf0f-4947-954d-662b61577f54}" />
      </MissingDependency>
      <MissingDependency>
        <Required type="66" schemaName="MscrmControls.Grid.GridControl" displayName="MscrmControls.Grid.GridControl" solution="BaseCustomControlsCore (9.0.2110.4017)" />
        <Dependent type="68" id="{ce38627b-2c6b-4c19-93a9-842589155962}" />
      </MissingDependency>
      <MissingDependency>
        <Required type="66" schemaName="MscrmControls.Rating.StarRatingControl" displayName="MscrmControls.Rating.StarRatingControl" solution="CustomControlsCore (9.2.21104.00147)" />
        <Dependent type="60" displayName="Main" parentDisplayName="Outlet Site Review" id="{d5efab60-9763-4478-af41-794033801d08}" />
      </MissingDependency>
      <MissingDependency>
        <Required type="66" schemaName="MscrmControls.RichTextEditor.RichTextEditorControl" displayName="MscrmControls.RichTextEditor.RichTextEditorControl" solution="msdyn_RichTextEditor (1.0.0.1342)" />
        <Dependent type="60" displayName="Outlet 360°" parentDisplayName="Outlet" id="{0924e1b6-c7fe-41f1-bc23-2cd8bdc77c0b}" />
      </MissingDependency>
      <MissingDependency>
        <Required type="66" schemaName="MscrmControls.RichTextEditor.RichTextEditorControl" displayName="MscrmControls.RichTextEditor.RichTextEditorControl" solution="msdyn_RichTextEditor (1.0.0.1342)" />
        <Dependent type="60" displayName="Hotel 360°" parentDisplayName="Hotels" id="{33e6c21f-e0bb-4896-a08c-2df0666d145c}" />
      </MissingDependency>
      <MissingDependency>
        <Required type="66" schemaName="MscrmControls.RichTextEditor.RichTextEditorControl" displayName="MscrmControls.RichTextEditor.RichTextEditorControl" solution="msdyn_RichTextEditor (1.0.0.1342)" />
        <Dependent type="60" displayName="Main" parentDisplayName="Outlet Site Review" id="{d5efab60-9763-4478-af41-794033801d08}" />
      </MissingDependency>
    </MissingDependencies>
  </SolutionManifest>
</ImportExportXml>