{"properties":{"connectionReferences":{"shared_yelpip":{"runtimeSource":"invoker","connection":{"connectionReferenceLogicalName":"msft_sharedyelpip_2436a"},"api":{"name":"shared_yelpip"}}},"definition":{"$schema":"https://schema.management.azure.com/providers/Microsoft.Logic/schemas/2016-06-01/workflowdefinition.json#","contentVersion":"1.0.0.0","parameters":{"$connections":{"defaultValue":{},"type":"Object"},"$authentication":{"defaultValue":{},"type":"SecureObject"}},"triggers":{"manual":{"type":"Request","kind":"Button","inputs":{"schema":{"type":"object","properties":{},"required":[]}}}},"actions":{"Initialize_YelpId":{"runAfter":{},"type":"InitializeVariable","inputs":{"variables":[{"name":"YelpId","type":"string","value":"linger-longer-steakhouse-greensboro"}]}},"Get_Business_Details":{"runAfter":{"Initialize_YelpId":["Succeeded"]},"type":"OpenApiConnection","inputs":{"host":{"connectionName":"shared_yelpip","operationId":"BusinessDetails","apiId":"/providers/Microsoft.PowerApps/apis/shared_yelpip"},"parameters":{"id":"@variables('YelpId')"},"authentication":{"type":"Raw","value":"@json(decodeBase64(triggerOutputs().headers['X-MS-APIM-Tokens']))['$ConnectionKey']"}}}}}},"schemaVersion":"1.0.0.0"}